{
    "location_id": "2406720",
    "name": "Shangrila Park Hotel",
    "web_url": "https://www.tripadvisor.com.br/Hotel_Review-g303631-d2406720-Reviews-Shangrila_Park_Hotel-Sao_Paulo_State_of_Sao_Paulo.html?m=66827",
    "address_obj": {
        "street1": "Avenida Sao Miguel 1745",
        "street2": "Penha",
        "city": "São Paulo",
        "state": "Estado de São Paulo",
        "country": "Brasil",
        "postalcode": "03619-100",
        "address_string": "Avenida Sao Miguel 1745 Penha, São Paulo, Estado de São Paulo 03619-100 Brasil"
    },
    "ancestors": [
        {
            "level": "City",
            "name": "São Paulo",
            "location_id": "303631"
        },
        {
            "abbrv": "SP",
            "level": "State",
            "name": "Estado de São Paulo",
            "location_id": "303598"
        },
        {
            "level": "Country",
            "name": "Brasil",
            "location_id": "294280"
        }
    ],
    "latitude": "-23.51219",
    "longitude": "-46.51415",
    "timezone": "America/Sao_Paulo",
    "write_review": "https://www.tripadvisor.com.br/UserReview-g303631-d2406720-Shangrila_Park_Hotel-Sao_Paulo_State_of_Sao_Paulo.html?m=66827",
    "ranking_data": {
        "geo_location_id": "303631",
        "ranking_string": "Nº 262 de 503 hotéis em São Paulo",
        "geo_location_name": "São Paulo",
        "ranking_out_of": "503",
        "ranking": "262"
    },
    "rating": "3.5",
    "rating_image_url": "https://www.tripadvisor.com.br/img/cdsi/img2/ratings/traveler/3.5-66827-5.svg",
    "num_reviews": "13",
    "review_rating_count": {
        "1": "1",
        "2": "1",
        "3": "3",
        "4": "5",
        "5": "3"
    },
    "subratings": {
        "0": {
            "name": "rate_location",
            "localized_name": "Localização",
            "rating_image_url": "https://static.tacdn.com/img2/ratings/traveler/ss4.0.svg",
            "value": "4.0"
        },
        "1": {
            "name": "rate_sleep",
            "localized_name": "Qualidade do sono",
            "rating_image_url": "https://static.tacdn.com/img2/ratings/traveler/ss3.5.svg",
            "value": "3.5"
        },
        "2": {
            "name": "rate_room",
            "localized_name": "Quartos",
            "rating_image_url": "https://static.tacdn.com/img2/ratings/traveler/ss3.0.svg",
            "value": "3.0"
        },
        "3": {
            "name": "rate_service",
            "localized_name": "Atendimento",
            "rating_image_url": "https://static.tacdn.com/img2/ratings/traveler/ss3.5.svg",
            "value": "3.5"
        },
        "4": {
            "name": "rate_value",
            "localized_name": "Custo-benefício",
            "rating_image_url": "https://static.tacdn.com/img2/ratings/traveler/ss4.0.svg",
            "value": "4.0"
        },
        "5": {
            "name": "rate_cleanliness",
            "localized_name": "Limpeza",
            "rating_image_url": "https://static.tacdn.com/img2/ratings/traveler/ss3.5.svg",
            "value": "3.5"
        }
    },
    "photo_count": "3",
    "see_all_photos": "https://www.tripadvisor.com.br/Hotel_Review-g303631-d2406720-m66827-Reviews-Shangrila_Park_Hotel-Sao_Paulo_State_of_Sao_Paulo.html#photos",
    "category": {
        "name": "hotel",
        "localized_name": "Hotel"
    },
    "subcategory": [
        {
            "name": "hotel",
            "localized_name": "Hotel"
        }
    ],
    "trip_types": [
        {
            "name": "business",
            "localized_name": "Negócios",
            "value": "4"
        },
        {
            "name": "couples",
            "localized_name": "Romântica",
            "value": "3"
        },
        {
            "name": "solo",
            "localized_name": "Viagem a sós",
            "value": "0"
        },
        {
            "name": "family",
            "localized_name": "Família",
            "value": "3"
        },
        {
            "name": "friends",
            "localized_name": "Viagem com amigos",
            "value": "0"
        }
    ],
    "awards": []
}