{
    "data": [
        {
            "id": 155720408,
            "is_blessed": false,
            "caption": "Quarto 311",
            "published_date": "2015-10-21T16:15:32.405Z",
            "images": {
                "thumbnail": {
                    "height": 50,
                    "width": 50,
                    "url": "https://media-cdn.tripadvisor.com/media/photo-t/09/48/1a/d8/quarto-311.jpg"
                },
                "small": {
                    "height": 150,
                    "width": 150,
                    "url": "https://media-cdn.tripadvisor.com/media/photo-l/09/48/1a/d8/quarto-311.jpg"
                },
                "medium": {
                    "height": 205,
                    "width": 154,
                    "url": "https://media-cdn.tripadvisor.com/media/photo-f/09/48/1a/d8/quarto-311.jpg"
                },
                "large": {
                    "height": 450,
                    "width": 338,
                    "url": "https://media-cdn.tripadvisor.com/media/photo-s/09/48/1a/d8/quarto-311.jpg"
                },
                "original": {
                    "height": 2048,
                    "width": 1536,
                    "url": "https://media-cdn.tripadvisor.com/media/photo-o/09/48/1a/d8/quarto-311.jpg"
                }
            },
            "album": "Quarto/suíte",
            "source": {
                "name": "Traveler",
                "localized_name": "Viajante"
            },
            "user": {
                "username": "gesielc"
            }
        },
        {
            "id": 162993690,
            "is_blessed": false,
            "caption": "",
            "published_date": "2015-12-09T23:56:18.806Z",
            "images": {
                "thumbnail": {
                    "height": 50,
                    "width": 50,
                    "url": "https://media-cdn.tripadvisor.com/media/photo-t/09/b7/16/1a/photo1jpg.jpg"
                },
                "small": {
                    "height": 150,
                    "width": 150,
                    "url": "https://media-cdn.tripadvisor.com/media/photo-l/09/b7/16/1a/photo1jpg.jpg"
                },
                "medium": {
                    "height": 188,
                    "width": 250,
                    "url": "https://media-cdn.tripadvisor.com/media/photo-f/09/b7/16/1a/photo1jpg.jpg"
                },
                "large": {
                    "height": 413,
                    "width": 550,
                    "url": "https://media-cdn.tripadvisor.com/media/photo-s/09/b7/16/1a/photo1jpg.jpg"
                },
                "original": {
                    "height": 1536,
                    "width": 2048,
                    "url": "https://media-cdn.tripadvisor.com/media/photo-o/09/b7/16/1a/photo1jpg.jpg"
                }
            },
            "album": "Outros",
            "source": {
                "name": "Traveler",
                "localized_name": "Viajante"
            },
            "user": {
                "username": "alice956"
            }
        },
        {
            "id": 162993689,
            "is_blessed": false,
            "caption": "",
            "published_date": "2015-12-09T23:56:18.774Z",
            "images": {
                "thumbnail": {
                    "height": 50,
                    "width": 50,
                    "url": "https://media-cdn.tripadvisor.com/media/photo-t/09/b7/16/19/photo0jpg.jpg"
                },
                "small": {
                    "height": 150,
                    "width": 150,
                    "url": "https://media-cdn.tripadvisor.com/media/photo-l/09/b7/16/19/photo0jpg.jpg"
                },
                "medium": {
                    "height": 188,
                    "width": 250,
                    "url": "https://media-cdn.tripadvisor.com/media/photo-f/09/b7/16/19/photo0jpg.jpg"
                },
                "large": {
                    "height": 413,
                    "width": 550,
                    "url": "https://media-cdn.tripadvisor.com/media/photo-s/09/b7/16/19/photo0jpg.jpg"
                },
                "original": {
                    "height": 1536,
                    "width": 2048,
                    "url": "https://media-cdn.tripadvisor.com/media/photo-o/09/b7/16/19/photo0jpg.jpg"
                }
            },
            "album": "Outros",
            "source": {
                "name": "Traveler",
                "localized_name": "Viajante"
            },
            "user": {
                "username": "alice956"
            }
        }
    ]
}