{
    "data": [
        {
            "id": 502743568,
            "lang": "pt",
            "location_id": 2406720,
            "published_date": "2017-07-17T06:51:32Z",
            "rating": 1,
            "helpful_votes": 3,
            "rating_image_url": "https://www.tripadvisor.com/img/cdsi/img2/ratings/traveler/s1.0-66827-5.svg",
            "url": "https://www.tripadvisor.com.br/ShowUserReviews-g303631-d2406720-r502743568-Reviews-Shangrila_Park_Hotel-Sao_Paulo_State_of_Sao_Paulo.html?m=66827#review502743568",
            "text": "A senha do wifi nao funciona, o ar condicionado é virado para fora, com a janela aberta os pernilongos avancaram para o quarto. Formigas no banheiro e teto.  \nO cafe no primeiro dia tinha suco e no segundo nao. ",
            "title": "Sem ar condicionado, sem wifi, muito pernilongo e formigas.",
            "trip_type": "Família",
            "travel_date": "2017-07-31",
            "user": {
                "username": "gabriellam315",
                "user_location": {
                    "id": "303631",
                    "name": "Sao Paulo, State of Sao Paulo"
                },
                "avatar": {
                    "thumbnail": "https://media-cdn.tripadvisor.com/media/photo-t/1a/f6/df/2b/default-avatar-2020-39.jpg",
                    "small": "https://media-cdn.tripadvisor.com/media/photo-l/1a/f6/df/2b/default-avatar-2020-39.jpg",
                    "medium": "https://media-cdn.tripadvisor.com/media/photo-f/1a/f6/df/2b/default-avatar-2020-39.jpg",
                    "large": "https://media-cdn.tripadvisor.com/media/photo-p/1a/f6/df/2b/default-avatar-2020-39.jpg",
                    "original": "https://media-cdn.tripadvisor.com/media/photo-o/1a/f6/df/2b/default-avatar-2020-39.jpg"
                }
            },
            "subratings": {}
        },
        {
            "id": 390267493,
            "lang": "pt",
            "location_id": 2406720,
            "published_date": "2016-07-08T00:51:02Z",
            "rating": 4,
            "helpful_votes": 1,
            "rating_image_url": "https://www.tripadvisor.com/img/cdsi/img2/ratings/traveler/s4.0-66827-5.svg",
            "url": "https://www.tripadvisor.com.br/ShowUserReviews-g303631-d2406720-r390267493-Reviews-Shangrila_Park_Hotel-Sao_Paulo_State_of_Sao_Paulo.html?m=66827#review390267493",
            "text": "Otimo atendimento, local agradavel, café da manhã simples, porém muito gostoso... Recomendo a todos este hotel. fica em uma localização otima, perto de varias estações de metro, vale a pena, dinheiro muito bem gasto. ",
            "title": "Muito Bom",
            "trip_type": "NONE",
            "travel_date": "2016-06-30",
            "user": {
                "username": "heillerm",
                "user_location": {
                    "id": "null"
                },
                "avatar": {
                    "thumbnail": "https://media-cdn.tripadvisor.com/media/photo-t/1a/f6/ef/9c/default-avatar-2020-14.jpg",
                    "small": "https://media-cdn.tripadvisor.com/media/photo-l/1a/f6/ef/9c/default-avatar-2020-14.jpg",
                    "medium": "https://media-cdn.tripadvisor.com/media/photo-f/1a/f6/ef/9c/default-avatar-2020-14.jpg",
                    "large": "https://media-cdn.tripadvisor.com/media/photo-p/1a/f6/ef/9c/default-avatar-2020-14.jpg",
                    "original": "https://media-cdn.tripadvisor.com/media/photo-o/1a/f6/ef/9c/default-avatar-2020-14.jpg"
                }
            },
            "subratings": {}
        },
        {
            "id": 373534444,
            "lang": "pt",
            "location_id": 2406720,
            "published_date": "2016-05-16T22:07:27Z",
            "rating": 2,
            "helpful_votes": 1,
            "rating_image_url": "https://www.tripadvisor.com/img/cdsi/img2/ratings/traveler/s2.0-66827-5.svg",
            "url": "https://www.tripadvisor.com.br/ShowUserReviews-g303631-d2406720-r373534444-Reviews-Shangrila_Park_Hotel-Sao_Paulo_State_of_Sao_Paulo.html?m=66827#review373534444",
            "text": "Tem cara de motel. Não gostei. Fiz a reserva por telefone e me deram o valor de R$ 90,00. Quando cheguei lá, passou para R$ 130,00. tipo... \"é esse valor, senhor\". Era pegar ou largar. o quarto era um pouco sujo e o ar condicionado literalmente esculhambado. A comida era razoável. ",
            "title": "hotel ou motel?",
            "trip_type": "NONE",
            "travel_date": "2016-05-31",
            "user": {
                "username": "LianoBR",
                "user_location": {
                    "id": "303441",
                    "name": "Curitiba, State of Parana"
                },
                "avatar": {
                    "thumbnail": "https://media-cdn.tripadvisor.com/media/photo-t/1a/f6/ea/2e/default-avatar-2020-67.jpg",
                    "small": "https://media-cdn.tripadvisor.com/media/photo-l/1a/f6/ea/2e/default-avatar-2020-67.jpg",
                    "medium": "https://media-cdn.tripadvisor.com/media/photo-f/1a/f6/ea/2e/default-avatar-2020-67.jpg",
                    "large": "https://media-cdn.tripadvisor.com/media/photo-p/1a/f6/ea/2e/default-avatar-2020-67.jpg",
                    "original": "https://media-cdn.tripadvisor.com/media/photo-o/1a/f6/ea/2e/default-avatar-2020-67.jpg"
                }
            },
            "subratings": {}
        },
        {
            "id": 360531544,
            "lang": "pt",
            "location_id": 2406720,
            "published_date": "2016-04-01T00:05:14Z",
            "rating": 5,
            "helpful_votes": 1,
            "rating_image_url": "https://www.tripadvisor.com/img/cdsi/img2/ratings/traveler/s5.0-66827-5.svg",
            "url": "https://www.tripadvisor.com.br/ShowUserReviews-g303631-d2406720-r360531544-Reviews-Shangrila_Park_Hotel-Sao_Paulo_State_of_Sao_Paulo.html?m=66827#review360531544",
            "text": "quartos arejados, e um bom atendimento, alem  de ficar , bem na Av São Miguel, proximo ao aeroporto de Guarulhos, Estacionamento disponivel, em um bom cardápio, pra quem gosta de ficar no bairro mesmo, um ótimo lugar. vale conferir",
            "title": "um bom lugar , pequeno custo",
            "trip_type": "NONE",
            "travel_date": "2015-11-30",
            "user": {
                "username": "moisesg38",
                "user_location": {
                    "id": "303631",
                    "name": "Sao Paulo, State of Sao Paulo"
                },
                "avatar": {}
            },
            "subratings": {}
        },
        {
            "id": 335751149,
            "lang": "pt",
            "location_id": 2406720,
            "published_date": "2015-12-29T14:26:03Z",
            "rating": 4,
            "helpful_votes": 1,
            "rating_image_url": "https://www.tripadvisor.com/img/cdsi/img2/ratings/traveler/s4.0-66827-5.svg",
            "url": "https://www.tripadvisor.com.br/ShowUserReviews-g303631-d2406720-r335751149-Reviews-Shangrila_Park_Hotel-Sao_Paulo_State_of_Sao_Paulo.html?m=66827#review335751149",
            "text": "Hotel aconchegante, super vale o valor que é cobrado.. bem baratinho e simples. O atendimento é incrivel e o descanso é garantido. acústica dos quartos ótimas sem interferência de sons exteriores durante o descanso. Compensa.",
            "title": "Muito bom",
            "trip_type": "Romântica",
            "travel_date": "2015-08-31",
            "user": {
                "username": "429iaraa",
                "user_location": {
                    "id": "303631",
                    "name": "Sao Paulo, State of Sao Paulo"
                },
                "avatar": {
                    "thumbnail": "https://media-cdn.tripadvisor.com/media/photo-t/1a/f6/7c/01/default-avatar-2020-5.jpg",
                    "small": "https://media-cdn.tripadvisor.com/media/photo-l/1a/f6/7c/01/default-avatar-2020-5.jpg",
                    "medium": "https://media-cdn.tripadvisor.com/media/photo-f/1a/f6/7c/01/default-avatar-2020-5.jpg",
                    "large": "https://media-cdn.tripadvisor.com/media/photo-p/1a/f6/7c/01/default-avatar-2020-5.jpg",
                    "original": "https://media-cdn.tripadvisor.com/media/photo-o/1a/f6/7c/01/default-avatar-2020-5.jpg"
                }
            },
            "subratings": {}
        }
    ]
}